seed,index,year,size,platform,publisher,review,quality,expected_quality,quality_ratio,bugs,dev_weeks,polish_weeks,units,revenue,advance,dev_cost,labour_cost,profit,attach_pct,concurrent,genre_demand
1,0,1985,small,microstar_64,thrift,6.40,34.1,30.0,1.137,20,10,1,1367,4291,3500,7773,0,18,0.04,1,0.978
1,1,1985,small,microstar_64,thrift,4.80,29.7,30.0,0.991,16,9,1,273,0,3300,7243,0,-3943,0.01,1,1.074
1,2,1985,small,microstar_64,thrift,6.00,34.8,30.0,1.162,20,9,0,1697,6678,3000,6743,0,2935,0.04,1,1.512
1,3,1986,small,microstar_64,thrift,8.40,42.8,30.0,1.428,12,8,5,105130,597084,3900,8746,0,592238,2.77,1,1.181
1,4,1986,small,microstar_64,thrift,8.30,37.6,30.0,1.253,2,4,2,54115,309489,2500,17027,11529,294962,1.42,2,0.805
1,5,1986,small,microstar_64,thrift,7.80,35.4,30.0,1.179,3,3,1,34343,197412,2200,32685,27808,166927,0.90,3,0.985
1,8,1987,small,famiclone,meridian,6.70,33.9,30.0,1.131,3,3,0,5270,13656,8800,60725,50371,-38269,0.04,5,0.894
1,6,1986,small,microstar_64,meridian,8.10,38.6,30.0,1.287,3,3,1,54143,247219,4600,49686,44220,202133,1.42,4,0.760
1,7,1986,small,microstar_64,meridian,7.90,40.2,30.0,1.340,1,3,1,24008,107807,4900,57586,51796,55121,0.63,4,0.745
1,9,1987,small,famiclone,meridian,8.40,41.9,30.0,1.396,3,3,1,36111,144835,9700,75733,64350,78802,0.30,4,1.013
1,10,1987,small,famiclone,meridian,9.10,43.0,30.0,1.434,1,3,1,338037,1451789,9700,75733,64350,1385756,2.82,3,1.007
1,11,1987,small,famiclone,northgate,8.50,41.8,30.0,1.392,2,3,1,182805,636626,15600,87507,75501,564719,1.52,3,0.999
1,12,1987,small,famiclone,northgate,9.10,45.0,30.0,1.502,0,3,1,395126,1413085,14600,77177,65940,1350508,3.29,4,1.070
1,13,1987,small,famiclone,northgate,8.90,46.7,30.0,1.557,2,3,0,287502,1039364,15100,80502,68872,973962,2.40,4,0.942
1,15,1988,small,famiclone,northgate,6.10,30.8,30.0,1.027,3,5,3,14171,38452,15000,38689,27124,14763,0.12,6,0.711
1,14,1987,small,famiclone,northgate,9.00,47.0,30.0,1.567,0,3,1,565893,2087403,17200,106273,93048,1998330,4.72,5,0.959
1,16,1988,small,famiclone,northgate,8.60,45.8,30.0,1.526,2,3,1,323187,1205095,16900,100910,87924,1121085,2.69,6,1.029
1,21,1988,medium,famiclone,atlas,5.70,133.6,166.0,0.805,2,6,1,7783,0,38200,63783,43664,-25583,0.06,7,0.371
1,18,1988,medium,famiclone,northgate,8.20,179.6,166.0,1.082,1,6,1,156664,855398,32500,130471,105504,757427,1.31,7,0.606
1,17,1988,small,famiclone,northgate,7.90,34.3,30.0,1.142,2,3,1,453776,1726031,11000,31854,23390,1705177,3.78,6,1.094
1,19,1988,small,famiclone,atlas,8.50,40.8,30.0,1.361,1,3,1,641009,1968261,15700,32625,24375,1951336,5.34,8,0.981
1,20,1988,medium,famiclone,atlas,7.20,154.8,166.0,0.932,1,6,1,70129,273208,49800,165390,139171,157618,0.58,6,1.066
1,22,1988,medium,famiclone,atlas,6.90,176.5,166.0,1.063,0,6,1,30033,89493,50100,175889,149536,-36296,0.25,8,0.793
1,23,1988,medium,famiclone,atlas,6.70,158.4,166.0,0.954,0,6,1,20610,56936,39500,74859,54048,21577,0.17,9,0.352
1,25,1988,medium,famiclone,atlas,6.20,129.2,166.0,0.778,1,5,1,19820,57302,36800,81792,62433,12310,0.17,5,0.375
1,24,1988,medium,famiclone,atlas,7.40,182.4,166.0,1.099,3,6,0,188838,843723,44900,139325,115703,749298,1.57,4,0.864
1,27,1989,medium,famiclone,atlas,6.70,153.9,166.0,0.927,0,6,1,99867,437834,42300,103622,81368,376512,0.83,4,0.400
1,28,1989,medium,famiclone,atlas,5.90,146.2,166.0,0.881,3,6,0,33006,118961,40600,105826,84441,53735,0.28,4,1.134
1,26,1989,medium,famiclone,atlas,7.50,177.7,166.0,1.071,1,6,1,356034,1648433,47500,147239,122216,1548694,2.97,3,0.790
1,29,1989,medium,famiclone,atlas,7.20,170.3,166.0,1.026,1,6,1,63859,261983,47300,144301,119400,164982,0.53,5,0.330
1,31,1989,medium,famiclone,atlas,6.50,166.5,166.0,1.003,2,6,1,30639,104565,46000,128538,104352,22027,0.26,6,0.314
1,30,1989,medium,famiclone,atlas,7.00,160.6,166.0,0.967,0,6,1,92975,408005,45800,133798,109671,320007,0.77,5,0.662
1,32,1989,medium,famiclone,atlas,7.40,174.6,166.0,1.052,3,6,0,280683,1343555,42000,119700,97608,1265855,2.34,4,0.882
1,35,1989,medium,famiclone,atlas,6.30,160.4,166.0,0.966,2,6,1,22707,68857,46000,128538,104352,-13681,0.19,6,0.343
1,33,1989,medium,famiclone,atlas,7.70,181.0,166.0,1.090,2,6,1,383858,1865036,46000,128538,104352,1782498,3.20,5,0.436
1,34,1989,medium,famiclone,atlas,6.90,176.0,166.0,1.060,0,6,1,139393,654768,46000,135738,111552,565030,1.16,5,0.874
1,37,1989,medium,famiclone,atlas,6.90,167.2,166.0,1.007,0,6,1,90751,419286,46000,128538,104352,336748,0.76,6,0.354
1,36,1989,medium,famiclone,atlas,7.80,173.3,166.0,1.044,0,6,1,536632,2677985,46000,135738,111552,2588247,4.47,5,0.791
1,39,1990,medium,famiclone,atlas,6.40,173.0,166.0,1.042,2,6,1,15894,35021,46800,128975,104352,-47154,0.13,6,0.370
1,38,1990,medium,famiclone,atlas,7.40,174.7,166.0,1.052,0,6,1,150359,727444,46600,136057,111552,637987,1.25,6,0.748
1,40,1990,medium,famiclone,atlas,7.60,190.4,166.0,1.147,3,6,0,199596,984517,43000,120254,97608,907263,1.66,5,0.837
1,42,1990,medium,famiclone,atlas,6.60,159.9,166.0,0.963,2,5,0,63767,290272,38000,103682,83664,224590,0.53,6,0.943
1,41,1990,medium,famiclone,atlas,7.60,185.4,166.0,1.117,1,6,1,121170,576682,47100,129149,104352,494633,1.01,6,0.260
1,43,1990,medium,famiclone,atlas,8.00,195.0,166.0,1.175,1,6,1,474537,2395815,47100,135889,111092,2307026,3.95,5,0.408
1,45,1990,medium,famiclone,atlas,6.30,168.7,166.0,1.016,3,6,1,23283,72760,47100,142629,117832,-22769,0.19,5,0.487
1,44,1990,medium,famiclone,atlas,7.70,196.6,166.0,1.184,0,6,1,286862,1429662,47100,144557,119760,1332205,2.39,5,0.944
1,46,1990,medium,famiclone,atlas,7.00,166.8,166.0,1.005,2,6,0,69646,315535,43000,134555,111909,223980,0.58,6,0.578
1,47,1990,medium,famiclone,atlas,6.30,156.5,166.0,0.943,1,6,1,18968,50545,47100,147753,122956,-50108,0.16,5,0.240
1,48,1990,medium,famiclone,atlas,7.90,181.1,166.0,1.091,3,6,0,285068,1424529,43000,147757,125111,1319772,2.38,6,0.779
1,49,1991,medium,famiclone,atlas,7.20,170.8,166.0,1.029,1,6,1,122219,581382,47800,153215,128080,475967,1.02,5,0.751
1,50,1991,medium,famiclone,atlas,7.50,172.9,166.0,1.042,0,6,1,100788,470756,48100,168282,142984,350574,0.84,5,0.306
1,52,1991,medium,famiclone,atlas,7.10,188.1,166.0,1.133,0,6,1,69592,309558,48700,173434,147828,184824,0.58,5,0.422
1,51,1991,medium,famiclone,atlas,7.50,192.7,166.0,1.161,0,6,1,201240,987282,48700,153686,128080,882296,1.68,4,1.035
1,53,1991,medium,famiclone,atlas,8.20,191.7,166.0,1.155,1,6,1,402101,2021313,48700,153686,128080,1916327,3.35,5,0.971
1,54,1991,medium,famiclone,atlas,7.90,199.0,166.0,1.199,0,6,1,202126,991842,48700,180406,154800,860136,1.68,6,0.427
1,56,1991,medium,famiclone,atlas,7.00,177.6,166.0,1.070,3,6,0,42332,173525,44400,164326,140945,53599,0.35,6,0.324
1,55,1991,medium,famiclone,atlas,7.60,183.3,166.0,1.104,0,6,1,157614,762695,48700,153686,128080,657709,1.31,5,0.769
1,57,1991,medium,famiclone,atlas,7.40,183.3,166.0,1.104,1,6,1,94534,437958,48700,155636,130030,331022,0.79,5,0.567
1,58,1991,medium,famiclone,atlas,7.70,196.8,166.0,1.185,1,6,0,108071,511948,44400,164326,140945,392022,0.90,6,0.190
1,59,1992,medium,famiclone,atlas,6.50,168.0,166.0,1.012,0,6,1,26642,88351,48800,171522,145841,-34371,0.22,5,0.769
1,60,1992,medium,famiclone,atlas,7.60,188.7,166.0,1.137,0,6,1,61072,265596,48800,190376,164695,124020,0.51,6,0.349
1,61,1992,medium,ibm_compatible,atlas,7.20,169.9,166.0,1.024,1,6,0,126811,694759,30600,165480,149380,559879,1.41,5,1.073
1,62,1992,medium,ibm_compatible,atlas,7.50,174.7,166.0,1.053,0,6,1,123843,674982,33400,177604,160016,530778,1.38,5,0.312
1,63,1992,medium,ibm_compatible,atlas,8.10,202.4,166.0,1.219,0,6,1,427072,2409454,33400,188308,170720,2254546,4.75,4,0.835
1,64,1992,medium,ibm_compatible,atlas,8.30,186.4,166.0,1.123,0,6,1,427348,2411028,33400,179658,162070,2264770,4.75,5,0.362
1,66,1992,medium,ibm_compatible,atlas,8.60,185.4,166.0,1.117,1,6,1,427251,2410476,33400,197128,179540,2246748,4.75,6,0.390
1,65,1992,medium,ibm_compatible,atlas,7.70,179.5,166.0,1.081,0,6,1,337467,1896910,33400,188308,170720,1742002,3.75,5,0.908
1,67,1992,medium,ibm_compatible,atlas,8.30,187.2,166.0,1.128,3,6,0,434663,2455670,30600,165480,149380,2320790,4.83,5,0.720
1,69,1992,medium,ibm_compatible,atlas,6.70,164.6,166.0,0.991,0,6,1,62405,323556,33400,188308,170720,168648,0.69,5,0.785
1,68,1992,medium,ibm_compatible,atlas,8.20,189.4,166.0,1.141,1,6,1,474753,2682186,33400,206404,188816,2509182,5.28,5,0.360
1,70,1992,medium,ibm_compatible,atlas,6.60,164.6,166.0,0.992,0,6,1,41931,206446,33400,210547,192959,29299,0.47,6,0.269
1,71,1993,medium,ibm_compatible,atlas,8.40,209.8,166.0,1.264,0,6,1,480077,2712141,33900,188582,170720,2557459,5.33,5,0.727
1,72,1993,medium,ibm_compatible,atlas,8.50,207.0,166.0,1.247,1,6,1,480393,2713748,34100,227643,209680,2520205,5.34,6,0.407
1,73,1993,large,pocket_play,atlas,7.40,1364.6,1300.0,1.050,0,35,1,468104,2777763,435300,1067404,838294,2145659,5.85,1,0.982
1,74,1993,large,pocket_play,atlas,7.70,1406.0,1300.0,1.082,2,36,1,468419,2763927,451300,1297911,1060389,1917316,5.86,2,0.372
1,75,1994,large,pocket_play,atlas,7.70,1372.6,1300.0,1.056,0,36,1,465573,2731891,463800,1369868,1125739,1825823,5.82,1,1.127
1,76,1994,large,pocket_play,atlas,6.40,1305.7,1300.0,1.004,1,36,2,81100,83167,473500,1419281,1170081,-862614,1.01,2,0.470
1,77,1995,large,mega16,atlas,7.10,1330.6,1300.0,1.024,0,37,1,473150,2440687,733200,1890123,1504207,1283764,4.73,1,1.416
1,78,1995,large,mega16,atlas,6.90,1284.7,1300.0,0.988,0,36,1,152596,314510,709100,1516519,1143306,-492909,1.53,2,0.453
